{"cameraMode":{"drawMode":0,"name":"Shaded","section":"Shading Mode"},"sceneLighting":true,"audioPlay":false,"sceneViewState":{"m_AlwaysRefresh":false,"showFog":true,"showSkybox":true,"showFlares":true,"showImageEffects":true,"showParticleSystems":true,"showVisualEffectGraphs":true,"m_FxEnabled":true},"in2DMode":false,"pivot":{"x":0.05865788459777832,"y":-0.3330097198486328,"z":-1.0566997528076172},"rotation":{"x":0.3374786972999573,"y":-0.028234215453267099,"z":0.010127517394721508,"w":0.9408555626869202},"size":14.174057006835938,"orthographic":false}