{"cameraMode":{"drawMode":0,"name":"Shaded","section":"Shading Mode"},"sceneLighting":true,"audioPlay":false,"sceneViewState":{"m_AlwaysRefresh":false,"showFog":true,"showSkybox":true,"showFlares":true,"showImageEffects":true,"showParticleSystems":true,"showVisualEffectGraphs":true,"m_FxEnabled":true},"in2DMode":false,"pivot":{"x":20.1278076171875,"y":32.306827545166019,"z":-1.4036331176757813},"rotation":{"x":0.19614377617835999,"y":0.5343457460403442,"z":-0.12905536592006684,"w":0.8120306730270386},"size":19.676048278808595,"orthographic":false}