{"cameraMode":{"drawMode":0,"name":"Shaded","section":"Shading Mode"},"sceneLighting":true,"audioPlay":false,"sceneViewState":{"m_AlwaysRefresh":false,"showFog":true,"showSkybox":true,"showFlares":true,"showImageEffects":true,"showParticleSystems":true,"showVisualEffectGraphs":true,"m_FxEnabled":true},"in2DMode":false,"pivot":{"x":15.067731857299805,"y":-3.452511787414551,"z":9.802199363708496},"rotation":{"x":0.12484067678451538,"y":0.43608328700065615,"z":-0.06123078614473343,"w":0.8891018033027649},"size":13.389714241027832,"orthographic":false}